FornecedorID,FornecedorNome
1,USA Jeans
2,Global Outlet
3,Netshoes
4,All Sports
5,Tuxedo Beachwear
6,Surf Trip
7,Tennis Place
8,Sports Now
9,DSW Imports
10,Brazilian Style
11,Tinas Sports
12,Luis Vilton
13,Baby Place
14,Rossi Clothes
15,Fast Way
16,L.A. Sports
17,Roland Sports
18,Baby Dress
19,Donald Clothes
20,Wills Surfwear
21,Danske Treshoe
22,Lundenhagen Boots
23,Pälsii Sports
24,Great Outdoors
25,Patamonia Inc
26,All Shoes
27,Dolce Ga-Ga
28,Game Over Sports
29,Running Place